{
  "run_id": "run_20260416_004103",
  "timestamp": "2026-04-16T00:41:03.531901",
  "engine_version": "AXIOM-QUANTUM v1.0",
  "WhoareYOU?": "Contact with me, you know why".
  "n_qubits": 8,
  "hilbert_dim": 256,
  "training": {
    "accuracy": 0.9594594594594594,
    "precision": 0.9707495429616088,
    "recall": 0.9482142857142857,
    "f1": 0.959349593495935,
    "roc_auc": 0.9825357142857143,
    "n_support_vectors": 0,
    "train_size": 4439,
    "test_size": 1110,
    "cv": {
      "accuracy": 0.963057,
      "precision": 0.968585,
      "recall": 0.957816,
      "f1": 0.963161
    },
    "train_ms": 0.0
  },
  "dataset": {
    "total": 1504,
    "malware": 1266,
    "benign": 238
  },
  "confusion_matrix": {
    "tp": 1265,
    "fp": 54,
    "tn": 184,
    "fn": 1
  },
  "inference_metrics": {
    "precision": 0.95906,
    "recall": 0.99921,
    "f1_score": 0.978723,
    "accuracy": 0.963431,
    "fpr": 0.226891,
    "roc_auc": 0.997086
  },
  "performance": {
    "mean_latency_us": 55.0602,
    "throughput_rps": 3315.4,
    "total_elapsed_s": 85.428,
    "compile_ms": 15063.9,
    "infer_ms": 453.6,
    "ram_delta_mb": 76.98
  },
  "axiom_constraints": {
    "determinism_rate": 1.0,
    "fpr": 0.226891,
    "whitebox": true
  }
}
